number,timeSent,sourceIP,destIP,protocol,length,info,danger
43,9.303490213,192.168.1.129,192.168.1.141,ICMP,98,"Echo (ping) request  id=0x3b4f, seq=1/256, ttl=64 (no response found!)",?
48,10.32397103,192.168.1.129,192.168.1.141,ICMP,98,"Echo (ping) request  id=0x3b4f, seq=2/512, ttl=64 (no response found!)",?
49,11.34798687,192.168.1.129,192.168.1.141,ICMP,98,"Echo (ping) request  id=0x3b4f, seq=3/768, ttl=64 (no response found!)",?
50,12.37201614,192.168.1.129,192.168.1.141,ICMP,98,"Echo (ping) request  id=0x3b4f, seq=4/1024, ttl=64 (no response found!)",?
62,14.13479614,192.168.1.129,192.168.1.141,ICMP,98,"Echo (ping) request  id=0x3b4f, seq=5/1280, ttl=64 (no response found!)",?
445,34.9300355,192.168.1.141,192.168.1.129,ICMP,74,"Echo (ping) request  id=0x0001, seq=533/5378, ttl=128 (reply in 446)",?
446,34.93005273,192.168.1.129,192.168.1.141,ICMP,74,"Echo (ping) reply    id=0x0001, seq=533/5378, ttl=64 (request in 445)",?
453,35.93404632,192.168.1.141,192.168.1.129,ICMP,74,"Echo (ping) request  id=0x0001, seq=534/5634, ttl=128 (reply in 454)",?
454,35.93406393,192.168.1.129,192.168.1.141,ICMP,74,"Echo (ping) reply    id=0x0001, seq=534/5634, ttl=64 (request in 453)",?
460,36.93630007,192.168.1.141,192.168.1.129,ICMP,74,"Echo (ping) request  id=0x0001, seq=535/5890, ttl=128 (reply in 461)",?
461,36.9363176,192.168.1.129,192.168.1.141,ICMP,74,"Echo (ping) reply    id=0x0001, seq=535/5890, ttl=64 (request in 460)",?
478,37.93887896,192.168.1.141,192.168.1.129,ICMP,74,"Echo (ping) request  id=0x0001, seq=536/6146, ttl=128 (reply in 479)",?
479,37.93889653,192.168.1.129,192.168.1.141,ICMP,74,"Echo (ping) reply    id=0x0001, seq=536/6146, ttl=64 (request in 478)",?
819,76.47189837,192.168.1.141,192.168.1.129,ICMP,74,"Echo (ping) request  id=0x0001, seq=537/6402, ttl=128 (reply in 820)",?
820,76.47191767,192.168.1.129,192.168.1.141,ICMP,74,"Echo (ping) reply    id=0x0001, seq=537/6402, ttl=64 (request in 819)",?
825,77.47568999,192.168.1.141,192.168.1.129,ICMP,74,"Echo (ping) request  id=0x0001, seq=538/6658, ttl=128 (reply in 826)",?
826,77.47570865,192.168.1.129,192.168.1.141,ICMP,74,"Echo (ping) reply    id=0x0001, seq=538/6658, ttl=64 (request in 825)",?
846,78.47788948,192.168.1.141,192.168.1.129,ICMP,74,"Echo (ping) request  id=0x0001, seq=539/6914, ttl=128 (reply in 847)",?
847,78.47790791,192.168.1.129,192.168.1.141,ICMP,74,"Echo (ping) reply    id=0x0001, seq=539/6914, ttl=64 (request in 846)",?
858,79.47983439,192.168.1.141,192.168.1.129,ICMP,74,"Echo (ping) request  id=0x0001, seq=540/7170, ttl=128 (reply in 859)",?
859,79.47985199,192.168.1.129,192.168.1.141,ICMP,74,"Echo (ping) reply    id=0x0001, seq=540/7170, ttl=64 (request in 858)",?
865,80.48221659,192.168.1.141,192.168.1.129,ICMP,74,"Echo (ping) request  id=0x0001, seq=541/7426, ttl=128 (reply in 866)",?
866,80.48223369,192.168.1.129,192.168.1.141,ICMP,74,"Echo (ping) reply    id=0x0001, seq=541/7426, ttl=64 (request in 865)",?
870,81.48470738,192.168.1.141,192.168.1.129,ICMP,74,"Echo (ping) request  id=0x0001, seq=542/7682, ttl=128 (reply in 871)",?
871,81.4847245,192.168.1.129,192.168.1.141,ICMP,74,"Echo (ping) reply    id=0x0001, seq=542/7682, ttl=64 (request in 870)",?
874,82.48733928,192.168.1.141,192.168.1.129,ICMP,74,"Echo (ping) request  id=0x0001, seq=543/7938, ttl=128 (reply in 875)",?
875,82.48735767,192.168.1.129,192.168.1.141,ICMP,74,"Echo (ping) reply    id=0x0001, seq=543/7938, ttl=64 (request in 874)",?
895,83.48971501,192.168.1.141,192.168.1.129,ICMP,74,"Echo (ping) request  id=0x0001, seq=544/8194, ttl=128 (reply in 896)",?
896,83.48973384,192.168.1.129,192.168.1.141,ICMP,74,"Echo (ping) reply    id=0x0001, seq=544/8194, ttl=64 (request in 895)",?
1152,104.7291135,192.168.1.141,192.168.1.129,ICMP,422,"Echo (ping) request  id=0x0001, seq=545/8450, ttl=128 (reply in 1197)",?
1197,104.7294042,192.168.1.129,192.168.1.141,ICMP,422,"Echo (ping) reply    id=0x0001, seq=545/8450, ttl=64 (request in 1152)",?
1244,105.7327739,192.168.1.141,192.168.1.129,ICMP,422,"Echo (ping) request  id=0x0001, seq=546/8706, ttl=128 (reply in 1289)",?
1289,105.7331221,192.168.1.129,192.168.1.141,ICMP,422,"Echo (ping) reply    id=0x0001, seq=546/8706, ttl=64 (request in 1244)",?
1336,106.7348005,192.168.1.141,192.168.1.129,ICMP,422,"Echo (ping) request  id=0x0001, seq=547/8962, ttl=128 (reply in 1381)",?
1381,106.7350696,192.168.1.129,192.168.1.141,ICMP,422,"Echo (ping) reply    id=0x0001, seq=547/8962, ttl=64 (request in 1336)",?
1430,107.7365882,192.168.1.141,192.168.1.129,ICMP,422,"Echo (ping) request  id=0x0001, seq=548/9218, ttl=128 (reply in 1475)",?
1475,107.7369189,192.168.1.129,192.168.1.141,ICMP,422,"Echo (ping) reply    id=0x0001, seq=548/9218, ttl=64 (request in 1430)",?
1569,119.7899432,192.168.1.141,192.168.1.129,ICMP,422,"Echo (ping) request  id=0x0001, seq=549/9474, ttl=128 (reply in 1614)",?
1614,119.7901671,192.168.1.129,192.168.1.141,ICMP,422,"Echo (ping) reply    id=0x0001, seq=549/9474, ttl=64 (request in 1569)",?
1672,120.7928043,192.168.1.141,192.168.1.129,ICMP,422,"Echo (ping) request  id=0x0001, seq=550/9730, ttl=128 (reply in 1717)",?
1717,120.7931996,192.168.1.129,192.168.1.141,ICMP,422,"Echo (ping) reply    id=0x0001, seq=550/9730, ttl=64 (request in 1672)",?
1782,121.794677,192.168.1.141,192.168.1.129,ICMP,422,"Echo (ping) request  id=0x0001, seq=551/9986, ttl=128 (reply in 1827)",?
1827,121.7950221,192.168.1.129,192.168.1.141,ICMP,422,"Echo (ping) reply    id=0x0001, seq=551/9986, ttl=64 (request in 1782)",?
1881,122.7964708,192.168.1.141,192.168.1.129,ICMP,422,"Echo (ping) request  id=0x0001, seq=552/10242, ttl=128 (reply in 1926)",?
1926,122.796668,192.168.1.129,192.168.1.141,ICMP,422,"Echo (ping) reply    id=0x0001, seq=552/10242, ttl=64 (request in 1881)",?
1980,124.8350843,192.168.1.141,192.168.1.129,ICMP,422,"Echo (ping) request  id=0x0001, seq=553/10498, ttl=128 (reply in 2025)",?
2025,124.835401,192.168.1.129,192.168.1.141,ICMP,422,"Echo (ping) reply    id=0x0001, seq=553/10498, ttl=64 (request in 1980)",?
2077,125.8382145,192.168.1.141,192.168.1.129,ICMP,422,"Echo (ping) request  id=0x0001, seq=554/10754, ttl=128 (reply in 2122)",?
2122,125.8384003,192.168.1.129,192.168.1.141,ICMP,422,"Echo (ping) reply    id=0x0001, seq=554/10754, ttl=64 (request in 2077)",?
2186,126.8399589,192.168.1.141,192.168.1.129,ICMP,422,"Echo (ping) request  id=0x0001, seq=555/11010, ttl=128 (reply in 2231)",?
2231,126.8402895,192.168.1.129,192.168.1.141,ICMP,422,"Echo (ping) reply    id=0x0001, seq=555/11010, ttl=64 (request in 2186)",?
2278,127.8419087,192.168.1.141,192.168.1.129,ICMP,422,"Echo (ping) request  id=0x0001, seq=556/11266, ttl=128 (reply in 2323)",?
2323,127.8421376,192.168.1.129,192.168.1.141,ICMP,422,"Echo (ping) reply    id=0x0001, seq=556/11266, ttl=64 (request in 2278)",?
2384,129.7271324,192.168.1.141,192.168.1.129,ICMP,422,"Echo (ping) request  id=0x0001, seq=557/11522, ttl=128 (reply in 2429)",?
2429,129.7273547,192.168.1.129,192.168.1.141,ICMP,422,"Echo (ping) reply    id=0x0001, seq=557/11522, ttl=64 (request in 2384)",?
2476,130.7307765,192.168.1.141,192.168.1.129,ICMP,422,"Echo (ping) request  id=0x0001, seq=558/11778, ttl=128 (reply in 2521)",?
2521,130.730973,192.168.1.129,192.168.1.141,ICMP,422,"Echo (ping) reply    id=0x0001, seq=558/11778, ttl=64 (request in 2476)",?
2567,131.7327597,192.168.1.141,192.168.1.129,ICMP,422,"Echo (ping) request  id=0x0001, seq=559/12034, ttl=128 (reply in 2612)",?
2612,131.7329751,192.168.1.129,192.168.1.141,ICMP,422,"Echo (ping) reply    id=0x0001, seq=559/12034, ttl=64 (request in 2567)",?
2660,132.7347751,192.168.1.141,192.168.1.129,ICMP,422,"Echo (ping) request  id=0x0001, seq=560/12290, ttl=128 (reply in 2705)",?
2705,132.7351175,192.168.1.129,192.168.1.141,ICMP,422,"Echo (ping) reply    id=0x0001, seq=560/12290, ttl=64 (request in 2660)",?
